True,"(u'user-service',)",t3.micro,True
True,"(u'user-service',)",a1.large,True
True,"(u'user-service',)",a1.medium,False
True,"(u'user-service',)",M6.medium,True
True,"(u'social-graph-service',)",t3.micro,True
True,"(u'social-graph-service',)",a1.large,True
True,"(u'social-graph-service',)",a1.medium,True
True,"(u'compose-post-service',)",t3.micro,False
True,"(u'compose-post-service',)",t3.large,True
True,"(u'compose-post-service',)",t3.small,False
True,"(u'compose-post-service',)",M6.xlarge,False
True,"(u'post-storage-service',)",t3.micro,True
True,"(u'post-storage-service',)",a1.large,True
True,"(u'post-storage-service',)",a1.medium,True
True,"(u'user-timeline-service',)",t3.micro,True
True,"(u'user-timeline-service',)",a1.large,True
True,"(u'user-timeline-service',)",a1.medium,True
True,"(u'write-home-timeline-service',)",t3.micro,True
True,"(u'write-home-timeline-service',)",a1.large,True
True,"(u'write-home-timeline-service',)",a1.medium,True
True,"(u'home-timeline-service',)",t3.micro,False
True,"(u'home-timeline-service',)",t3.large,True
True,"(u'home-timeline-service',)",t3.small,True
True,"(u'media-service',)",t3.micro,True
True,"(u'media-service',)",a1.large,True
True,"(u'media-service',)",a1.medium,True
True,"(u'text-service',)",t3.micro,True
True,"(u'text-service',)",a1.large,True
True,"(u'text-service',)",a1.medium,True
True,"(u'unique-id-service',)",t3.micro,True
True,"(u'unique-id-service',)",a1.large,True
True,"(u'unique-id-service',)",a1.medium,True
True,"(u'url-shorten-service',)",t3.micro,True
True,"(u'url-shorten-service',)",a1.large,True
True,"(u'url-shorten-service',)",a1.medium,False
True,"(u'url-shorten-service',)",M6.medium,False
True,"(u'user-mention-service',)",t3.micro,True
True,"(u'user-mention-service',)",a1.large,True
True,"(u'user-mention-service',)",a1.medium,False
True,"(u'user-mention-service',)",M6.medium,False
True,"(u'user-service', u'social-graph-service')",t3.micro,False
True,"(u'user-service', u'social-graph-service')",t3.large,True
True,"(u'user-service', u'social-graph-service')",t3.small,True
False,"(u'user-service', u'compose-post-service')",t3.micro,False
False,"(u'user-service', u'compose-post-service')",t3.micro,False
True,"(u'user-service', u'compose-post-service')",t3.large,False
True,"(u'user-service', u'compose-post-service')",a1.2xlarge,False
True,"(u'user-service', u'compose-post-service')",M6.2xlarge,False
True,"(u'user-service', u'post-storage-service')",t3.micro,False
True,"(u'user-service', u'post-storage-service')",t3.large,False
True,"(u'user-service', u'post-storage-service')",a1.2xlarge,False
True,"(u'user-service', u'post-storage-service')",M6.2xlarge,False
True,"(u'user-service', u'user-timeline-service')",t3.micro,True
True,"(u'user-service', u'user-timeline-service')",a1.large,False
True,"(u'user-service', u'user-timeline-service')",M6.large,False
True,"(u'user-service', u'user-timeline-service')",a1.xlarge,False
True,"(u'user-service', u'write-home-timeline-service')",t3.micro,True
True,"(u'user-service', u'write-home-timeline-service')",a1.large,False
True,"(u'user-service', u'write-home-timeline-service')",M6.large,True
False,"(u'user-service', u'home-timeline-service')",t3.micro,False
True,"(u'user-service', u'home-timeline-service')",t3.large,False
True,"(u'user-service', u'home-timeline-service')",a1.2xlarge,True
True,"(u'user-service', u'media-service')",t3.micro,False
True,"(u'user-service', u'media-service')",t3.large,False
True,"(u'user-service', u'media-service')",a1.2xlarge,True
True,"(u'user-service', u'text-service')",t3.micro,False
True,"(u'user-service', u'text-service')",t3.large,True
True,"(u'user-service', u'text-service')",t3.small,False
True,"(u'user-service', u'text-service')",M6.xlarge,False
True,"(u'user-service', u'unique-id-service')",t3.micro,False
True,"(u'user-service', u'unique-id-service')",t3.large,False
True,"(u'user-service', u'unique-id-service')",a1.2xlarge,True
True,"(u'user-service', u'url-shorten-service')",t3.micro,True
True,"(u'user-service', u'url-shorten-service')",a1.large,False
True,"(u'user-service', u'url-shorten-service')",M6.large,False
True,"(u'user-service', u'url-shorten-service')",a1.xlarge,False
True,"(u'user-service', u'user-mention-service')",t3.micro,False
True,"(u'user-service', u'user-mention-service')",t3.large,False
True,"(u'user-service', u'user-mention-service')",a1.2xlarge,True
False,"(u'social-graph-service', u'compose-post-service')",t3.micro,False
False,"(u'social-graph-service', u'compose-post-service')",t3.micro,False
True,"(u'social-graph-service', u'compose-post-service')",t3.large,True
False,"(u'social-graph-service', u'compose-post-service')",t3.small,False
False,"(u'social-graph-service', u'compose-post-service')",t3.small,False
False,"(u'social-graph-service', u'compose-post-service')",M6.xlarge,False
False,"(u'social-graph-service', u'compose-post-service')",M6.xlarge,False
True,"(u'social-graph-service', u'post-storage-service')",t3.micro,True
True,"(u'social-graph-service', u'post-storage-service')",a1.large,True
True,"(u'social-graph-service', u'post-storage-service')",a1.medium,True
True,"(u'social-graph-service', u'user-timeline-service')",t3.micro,True
True,"(u'social-graph-service', u'user-timeline-service')",a1.large,True
True,"(u'social-graph-service', u'user-timeline-service')",a1.medium,True
True,"(u'social-graph-service', u'write-home-timeline-service')",t3.micro,True
True,"(u'social-graph-service', u'write-home-timeline-service')",a1.large,True
True,"(u'social-graph-service', u'write-home-timeline-service')",a1.medium,True
False,"(u'social-graph-service', u'home-timeline-service')",t3.micro,False
False,"(u'social-graph-service', u'home-timeline-service')",t3.micro,False
True,"(u'social-graph-service', u'home-timeline-service')",t3.large,True
True,"(u'social-graph-service', u'home-timeline-service')",t3.small,True
True,"(u'social-graph-service', u'media-service')",t3.micro,True
True,"(u'social-graph-service', u'media-service')",a1.large,True
True,"(u'social-graph-service', u'media-service')",a1.medium,True
True,"(u'social-graph-service', u'text-service')",t3.micro,True
True,"(u'social-graph-service', u'text-service')",a1.large,True
True,"(u'social-graph-service', u'text-service')",a1.medium,True
True,"(u'social-graph-service', u'unique-id-service')",t3.micro,True
True,"(u'social-graph-service', u'unique-id-service')",a1.large,True
True,"(u'social-graph-service', u'unique-id-service')",a1.medium,True
True,"(u'social-graph-service', u'url-shorten-service')",t3.micro,False
True,"(u'social-graph-service', u'url-shorten-service')",t3.large,True
True,"(u'social-graph-service', u'url-shorten-service')",t3.small,False
True,"(u'social-graph-service', u'url-shorten-service')",M6.xlarge,True
True,"(u'social-graph-service', u'user-mention-service')",t3.micro,True
True,"(u'social-graph-service', u'user-mention-service')",a1.large,True
False,"(u'social-graph-service', u'user-mention-service')",a1.medium,False
False,"(u'social-graph-service', u'user-mention-service')",a1.medium,False
False,"(u'social-graph-service', u'user-mention-service')",M6.medium,False
False,"(u'social-graph-service', u'user-mention-service')",M6.medium,False
False,"(u'compose-post-service', u'post-storage-service')",t3.micro,False
False,"(u'compose-post-service', u'post-storage-service')",t3.micro,False
True,"(u'compose-post-service', u'post-storage-service')",t3.large,True
False,"(u'compose-post-service', u'post-storage-service')",t3.small,False
False,"(u'compose-post-service', u'post-storage-service')",t3.small,False
False,"(u'compose-post-service', u'post-storage-service')",M6.xlarge,False
False,"(u'compose-post-service', u'post-storage-service')",M6.xlarge,False
False,"(u'compose-post-service', u'user-timeline-service')",t3.micro,False
False,"(u'compose-post-service', u'user-timeline-service')",t3.micro,False
True,"(u'compose-post-service', u'user-timeline-service')",t3.large,True
False,"(u'compose-post-service', u'user-timeline-service')",t3.small,False
False,"(u'compose-post-service', u'user-timeline-service')",t3.small,False
False,"(u'compose-post-service', u'user-timeline-service')",M6.xlarge,False
False,"(u'compose-post-service', u'user-timeline-service')",M6.xlarge,False
False,"(u'compose-post-service', u'write-home-timeline-service')",t3.micro,False
False,"(u'compose-post-service', u'write-home-timeline-service')",t3.micro,False
True,"(u'compose-post-service', u'write-home-timeline-service')",t3.large,True
False,"(u'compose-post-service', u'write-home-timeline-service')",t3.small,False
False,"(u'compose-post-service', u'write-home-timeline-service')",t3.small,False
False,"(u'compose-post-service', u'write-home-timeline-service')",M6.xlarge,False
False,"(u'compose-post-service', u'write-home-timeline-service')",M6.xlarge,False
False,"(u'compose-post-service', u'home-timeline-service')",t3.micro,False
False,"(u'compose-post-service', u'home-timeline-service')",t3.micro,False
True,"(u'compose-post-service', u'home-timeline-service')",t3.large,False
True,"(u'compose-post-service', u'home-timeline-service')",a1.2xlarge,False
True,"(u'compose-post-service', u'home-timeline-service')",M6.2xlarge,False
False,"(u'compose-post-service', u'media-service')",t3.micro,False
False,"(u'compose-post-service', u'media-service')",t3.micro,False
True,"(u'compose-post-service', u'media-service')",t3.large,False
True,"(u'compose-post-service', u'media-service')",a1.2xlarge,False
True,"(u'compose-post-service', u'media-service')",M6.2xlarge,False
False,"(u'compose-post-service', u'text-service')",t3.micro,False
False,"(u'compose-post-service', u'text-service')",t3.micro,False
True,"(u'compose-post-service', u'text-service')",t3.large,True
False,"(u'compose-post-service', u'text-service')",t3.small,False
False,"(u'compose-post-service', u'text-service')",t3.small,False
False,"(u'compose-post-service', u'text-service')",M6.xlarge,False
False,"(u'compose-post-service', u'text-service')",M6.xlarge,False
False,"(u'compose-post-service', u'unique-id-service')",t3.micro,False
False,"(u'compose-post-service', u'unique-id-service')",t3.micro,False
True,"(u'compose-post-service', u'unique-id-service')",t3.large,False
True,"(u'compose-post-service', u'unique-id-service')",a1.2xlarge,False
True,"(u'compose-post-service', u'unique-id-service')",M6.2xlarge,False
False,"(u'compose-post-service', u'url-shorten-service')",t3.micro,False
False,"(u'compose-post-service', u'url-shorten-service')",t3.micro,False
True,"(u'compose-post-service', u'url-shorten-service')",t3.large,False
True,"(u'compose-post-service', u'url-shorten-service')",a1.2xlarge,True
False,"(u'compose-post-service', u'user-mention-service')",t3.micro,False
False,"(u'compose-post-service', u'user-mention-service')",t3.micro,False
True,"(u'compose-post-service', u'user-mention-service')",t3.large,False
True,"(u'compose-post-service', u'user-mention-service')",a1.2xlarge,False
True,"(u'compose-post-service', u'user-mention-service')",M6.2xlarge,False
True,"(u'post-storage-service', u'user-timeline-service')",t3.micro,True
True,"(u'post-storage-service', u'user-timeline-service')",a1.large,True
True,"(u'post-storage-service', u'user-timeline-service')",a1.medium,True
True,"(u'post-storage-service', u'write-home-timeline-service')",t3.micro,True
True,"(u'post-storage-service', u'write-home-timeline-service')",a1.large,True
True,"(u'post-storage-service', u'write-home-timeline-service')",a1.medium,True
False,"(u'post-storage-service', u'home-timeline-service')",t3.micro,False
False,"(u'post-storage-service', u'home-timeline-service')",t3.micro,False
True,"(u'post-storage-service', u'home-timeline-service')",t3.large,True
True,"(u'post-storage-service', u'home-timeline-service')",t3.small,True
True,"(u'post-storage-service', u'media-service')",t3.micro,True
True,"(u'post-storage-service', u'media-service')",a1.large,True
True,"(u'post-storage-service', u'media-service')",a1.medium,False
True,"(u'post-storage-service', u'media-service')",M6.medium,False
True,"(u'post-storage-service', u'text-service')",t3.micro,True
True,"(u'post-storage-service', u'text-service')",a1.large,True
True,"(u'post-storage-service', u'text-service')",a1.medium,True
True,"(u'post-storage-service', u'unique-id-service')",t3.micro,True
True,"(u'post-storage-service', u'unique-id-service')",a1.large,True
True,"(u'post-storage-service', u'unique-id-service')",a1.medium,True
True,"(u'post-storage-service', u'url-shorten-service')",t3.micro,True
True,"(u'post-storage-service', u'url-shorten-service')",a1.large,True
False,"(u'post-storage-service', u'url-shorten-service')",a1.medium,False
False,"(u'post-storage-service', u'url-shorten-service')",a1.medium,False
False,"(u'post-storage-service', u'url-shorten-service')",M6.medium,False
False,"(u'post-storage-service', u'url-shorten-service')",M6.medium,False
True,"(u'post-storage-service', u'user-mention-service')",t3.micro,False
True,"(u'post-storage-service', u'user-mention-service')",t3.large,False
True,"(u'post-storage-service', u'user-mention-service')",a1.2xlarge,False
True,"(u'post-storage-service', u'user-mention-service')",M6.2xlarge,False
True,"(u'user-timeline-service', u'write-home-timeline-service')",t3.micro,True
True,"(u'user-timeline-service', u'write-home-timeline-service')",a1.large,True
True,"(u'user-timeline-service', u'write-home-timeline-service')",a1.medium,True
False,"(u'user-timeline-service', u'home-timeline-service')",t3.micro,False
False,"(u'user-timeline-service', u'home-timeline-service')",t3.micro,False
True,"(u'user-timeline-service', u'home-timeline-service')",t3.large,True
True,"(u'user-timeline-service', u'home-timeline-service')",t3.small,False
True,"(u'user-timeline-service', u'home-timeline-service')",M6.xlarge,True
True,"(u'user-timeline-service', u'media-service')",t3.micro,True
True,"(u'user-timeline-service', u'media-service')",a1.large,True
True,"(u'user-timeline-service', u'media-service')",a1.medium,False
True,"(u'user-timeline-service', u'media-service')",M6.medium,True
True,"(u'user-timeline-service', u'text-service')",t3.micro,True
True,"(u'user-timeline-service', u'text-service')",a1.large,True
True,"(u'user-timeline-service', u'text-service')",a1.medium,True
True,"(u'user-timeline-service', u'unique-id-service')",t3.micro,True
True,"(u'user-timeline-service', u'unique-id-service')",a1.large,True
True,"(u'user-timeline-service', u'unique-id-service')",a1.medium,True
True,"(u'user-timeline-service', u'url-shorten-service')",t3.micro,True
True,"(u'user-timeline-service', u'url-shorten-service')",a1.large,True
False,"(u'user-timeline-service', u'url-shorten-service')",a1.medium,False
False,"(u'user-timeline-service', u'url-shorten-service')",a1.medium,False
False,"(u'user-timeline-service', u'url-shorten-service')",M6.medium,False
False,"(u'user-timeline-service', u'url-shorten-service')",M6.medium,False
True,"(u'user-timeline-service', u'user-mention-service')",t3.micro,True
True,"(u'user-timeline-service', u'user-mention-service')",a1.large,False
True,"(u'user-timeline-service', u'user-mention-service')",M6.large,True
False,"(u'write-home-timeline-service', u'home-timeline-service')",t3.micro,False
False,"(u'write-home-timeline-service', u'home-timeline-service')",t3.micro,False
True,"(u'write-home-timeline-service', u'home-timeline-service')",t3.large,True
True,"(u'write-home-timeline-service', u'home-timeline-service')",t3.small,True
True,"(u'write-home-timeline-service', u'media-service')",t3.micro,True
True,"(u'write-home-timeline-service', u'media-service')",a1.large,True
True,"(u'write-home-timeline-service', u'media-service')",a1.medium,False
True,"(u'write-home-timeline-service', u'media-service')",M6.medium,True
True,"(u'write-home-timeline-service', u'text-service')",t3.micro,True
True,"(u'write-home-timeline-service', u'text-service')",a1.large,True
True,"(u'write-home-timeline-service', u'text-service')",a1.medium,True
True,"(u'write-home-timeline-service', u'unique-id-service')",t3.micro,True
True,"(u'write-home-timeline-service', u'unique-id-service')",a1.large,True
True,"(u'write-home-timeline-service', u'unique-id-service')",a1.medium,True
True,"(u'write-home-timeline-service', u'url-shorten-service')",t3.micro,True
True,"(u'write-home-timeline-service', u'url-shorten-service')",a1.large,False
True,"(u'write-home-timeline-service', u'url-shorten-service')",M6.large,False
True,"(u'write-home-timeline-service', u'url-shorten-service')",a1.xlarge,True
True,"(u'write-home-timeline-service', u'user-mention-service')",t3.micro,True
True,"(u'write-home-timeline-service', u'user-mention-service')",a1.large,True
False,"(u'write-home-timeline-service', u'user-mention-service')",a1.medium,False
False,"(u'write-home-timeline-service', u'user-mention-service')",a1.medium,False
False,"(u'write-home-timeline-service', u'user-mention-service')",M6.medium,False
False,"(u'write-home-timeline-service', u'user-mention-service')",M6.medium,False
False,"(u'home-timeline-service', u'media-service')",t3.micro,False
False,"(u'home-timeline-service', u'media-service')",t3.micro,False
True,"(u'home-timeline-service', u'media-service')",t3.large,True
True,"(u'home-timeline-service', u'media-service')",t3.small,True
False,"(u'home-timeline-service', u'text-service')",t3.micro,False
False,"(u'home-timeline-service', u'text-service')",t3.micro,False
True,"(u'home-timeline-service', u'text-service')",t3.large,True
True,"(u'home-timeline-service', u'text-service')",t3.small,True
False,"(u'home-timeline-service', u'unique-id-service')",t3.micro,False
False,"(u'home-timeline-service', u'unique-id-service')",t3.micro,False
True,"(u'home-timeline-service', u'unique-id-service')",t3.large,True
True,"(u'home-timeline-service', u'unique-id-service')",t3.small,True
False,"(u'home-timeline-service', u'url-shorten-service')",t3.micro,False
False,"(u'home-timeline-service', u'url-shorten-service')",t3.micro,False
True,"(u'home-timeline-service', u'url-shorten-service')",t3.large,False
True,"(u'home-timeline-service', u'url-shorten-service')",a1.2xlarge,True
False,"(u'home-timeline-service', u'user-mention-service')",t3.micro,False
False,"(u'home-timeline-service', u'user-mention-service')",t3.micro,False
True,"(u'home-timeline-service', u'user-mention-service')",t3.large,True
True,"(u'home-timeline-service', u'user-mention-service')",t3.small,True
True,"(u'media-service', u'text-service')",t3.micro,True
True,"(u'media-service', u'text-service')",a1.large,True
True,"(u'media-service', u'text-service')",a1.medium,True
True,"(u'media-service', u'unique-id-service')",t3.micro,True
True,"(u'media-service', u'unique-id-service')",a1.large,True
True,"(u'media-service', u'unique-id-service')",a1.medium,False
True,"(u'media-service', u'unique-id-service')",M6.medium,False
True,"(u'media-service', u'url-shorten-service')",t3.micro,True
True,"(u'media-service', u'url-shorten-service')",a1.large,True
False,"(u'media-service', u'url-shorten-service')",a1.medium,False
False,"(u'media-service', u'url-shorten-service')",a1.medium,False
False,"(u'media-service', u'url-shorten-service')",M6.medium,False
False,"(u'media-service', u'url-shorten-service')",M6.medium,False
True,"(u'media-service', u'user-mention-service')",t3.micro,True
True,"(u'media-service', u'user-mention-service')",a1.large,True
False,"(u'media-service', u'user-mention-service')",a1.medium,False
False,"(u'media-service', u'user-mention-service')",a1.medium,False
False,"(u'media-service', u'user-mention-service')",M6.medium,False
False,"(u'media-service', u'user-mention-service')",M6.medium,False
True,"(u'text-service', u'unique-id-service')",t3.micro,True
True,"(u'text-service', u'unique-id-service')",a1.large,True
True,"(u'text-service', u'unique-id-service')",a1.medium,True
True,"(u'text-service', u'url-shorten-service')",t3.micro,True
True,"(u'text-service', u'url-shorten-service')",a1.large,True
False,"(u'text-service', u'url-shorten-service')",a1.medium,False
False,"(u'text-service', u'url-shorten-service')",a1.medium,False
False,"(u'text-service', u'url-shorten-service')",M6.medium,False
False,"(u'text-service', u'url-shorten-service')",M6.medium,False
True,"(u'text-service', u'user-mention-service')",t3.micro,True
True,"(u'text-service', u'user-mention-service')",a1.large,True
False,"(u'text-service', u'user-mention-service')",a1.medium,False
False,"(u'text-service', u'user-mention-service')",a1.medium,False
False,"(u'text-service', u'user-mention-service')",M6.medium,False
False,"(u'text-service', u'user-mention-service')",M6.medium,False
True,"(u'unique-id-service', u'url-shorten-service')",t3.micro,False
True,"(u'unique-id-service', u'url-shorten-service')",t3.large,False
True,"(u'unique-id-service', u'url-shorten-service')",a1.2xlarge,False
True,"(u'unique-id-service', u'url-shorten-service')",M6.2xlarge,False
True,"(u'unique-id-service', u'user-mention-service')",t3.micro,False
True,"(u'unique-id-service', u'user-mention-service')",t3.large,False
True,"(u'unique-id-service', u'user-mention-service')",a1.2xlarge,False
True,"(u'unique-id-service', u'user-mention-service')",M6.2xlarge,False
True,"(u'url-shorten-service', u'user-mention-service')",t3.micro,True
True,"(u'url-shorten-service', u'user-mention-service')",a1.large,False
True,"(u'url-shorten-service', u'user-mention-service')",M6.large,True
False,"(u'user-service', u'social-graph-service', u'compose-post-service')",t3.micro,False
False,"(u'user-service', u'social-graph-service', u'compose-post-service')",t3.micro,False
False,"(u'user-service', u'social-graph-service', u'compose-post-service')",t3.large,False
False,"(u'user-service', u'social-graph-service', u'compose-post-service')",t3.large,False
False,"(u'user-service', u'social-graph-service', u'compose-post-service')",a1.2xlarge,False
False,"(u'user-service', u'social-graph-service', u'compose-post-service')",a1.2xlarge,False
False,"(u'user-service', u'social-graph-service', u'compose-post-service')",M6.2xlarge,False
False,"(u'user-service', u'social-graph-service', u'compose-post-service')",M6.2xlarge,False
False,"(u'user-service', u'social-graph-service', u'post-storage-service')",t3.micro,False
False,"(u'user-service', u'social-graph-service', u'post-storage-service')",t3.micro,False
False,"(u'user-service', u'social-graph-service', u'post-storage-service')",t3.large,False
False,"(u'user-service', u'social-graph-service', u'post-storage-service')",t3.large,False
False,"(u'user-service', u'social-graph-service', u'post-storage-service')",a1.2xlarge,False
False,"(u'user-service', u'social-graph-service', u'post-storage-service')",a1.2xlarge,False
False,"(u'user-service', u'social-graph-service', u'post-storage-service')",M6.2xlarge,False
False,"(u'user-service', u'social-graph-service', u'post-storage-service')",M6.2xlarge,False
False,"(u'user-service', u'social-graph-service', u'user-timeline-service')",t3.micro,False
False,"(u'user-service', u'social-graph-service', u'user-timeline-service')",t3.micro,False
True,"(u'user-service', u'social-graph-service', u'user-timeline-service')",t3.large,False
True,"(u'user-service', u'social-graph-service', u'user-timeline-service')",a1.2xlarge,False
True,"(u'user-service', u'social-graph-service', u'user-timeline-service')",M6.2xlarge,True
False,"(u'user-service', u'social-graph-service', u'write-home-timeline-service')",t3.micro,False
False,"(u'user-service', u'social-graph-service', u'write-home-timeline-service')",t3.micro,False
True,"(u'user-service', u'social-graph-service', u'write-home-timeline-service')",t3.large,False
True,"(u'user-service', u'social-graph-service', u'write-home-timeline-service')",a1.2xlarge,True
False,"(u'user-service', u'social-graph-service', u'home-timeline-service')",t3.micro,False
False,"(u'user-service', u'social-graph-service', u'home-timeline-service')",t3.micro,False
False,"(u'user-service', u'social-graph-service', u'home-timeline-service')",t3.large,False
False,"(u'user-service', u'social-graph-service', u'home-timeline-service')",t3.large,False
True,"(u'user-service', u'social-graph-service', u'home-timeline-service')",a1.2xlarge,True
False,"(u'user-service', u'social-graph-service', u'media-service')",t3.micro,False
False,"(u'user-service', u'social-graph-service', u'media-service')",t3.micro,False
False,"(u'user-service', u'social-graph-service', u'media-service')",t3.large,False
False,"(u'user-service', u'social-graph-service', u'media-service')",t3.large,False
True,"(u'user-service', u'social-graph-service', u'media-service')",a1.2xlarge,False
True,"(u'user-service', u'social-graph-service', u'media-service')",M6.2xlarge,True
False,"(u'user-service', u'social-graph-service', u'text-service')",t3.micro,False
False,"(u'user-service', u'social-graph-service', u'text-service')",t3.micro,False
True,"(u'user-service', u'social-graph-service', u'text-service')",t3.large,False
True,"(u'user-service', u'social-graph-service', u'text-service')",a1.2xlarge,True
False,"(u'user-service', u'social-graph-service', u'unique-id-service')",t3.micro,False
False,"(u'user-service', u'social-graph-service', u'unique-id-service')",t3.micro,False
False,"(u'user-service', u'social-graph-service', u'unique-id-service')",t3.large,False
False,"(u'user-service', u'social-graph-service', u'unique-id-service')",t3.large,False
True,"(u'user-service', u'social-graph-service', u'unique-id-service')",a1.2xlarge,True
False,"(u'user-service', u'social-graph-service', u'url-shorten-service')",t3.micro,False
False,"(u'user-service', u'social-graph-service', u'url-shorten-service')",t3.micro,False
True,"(u'user-service', u'social-graph-service', u'url-shorten-service')",t3.large,True
False,"(u'user-service', u'social-graph-service', u'url-shorten-service')",t3.small,False
False,"(u'user-service', u'social-graph-service', u'url-shorten-service')",t3.small,False
True,"(u'user-service', u'social-graph-service', u'url-shorten-service')",M6.xlarge,False
False,"(u'user-service', u'social-graph-service', u'user-mention-service')",t3.micro,False
False,"(u'user-service', u'social-graph-service', u'user-mention-service')",t3.micro,False
False,"(u'user-service', u'social-graph-service', u'user-mention-service')",t3.large,False
False,"(u'user-service', u'social-graph-service', u'user-mention-service')",t3.large,False
True,"(u'user-service', u'social-graph-service', u'user-mention-service')",a1.2xlarge,False
True,"(u'user-service', u'social-graph-service', u'user-mention-service')",M6.2xlarge,True
False,"(u'user-service', u'compose-post-service', u'post-storage-service')",t3.micro,False
False,"(u'user-service', u'compose-post-service', u'post-storage-service')",t3.micro,False
False,"(u'user-service', u'compose-post-service', u'post-storage-service')",t3.large,False
False,"(u'user-service', u'compose-post-service', u'post-storage-service')",t3.large,False
False,"(u'user-service', u'compose-post-service', u'post-storage-service')",a1.2xlarge,False
False,"(u'user-service', u'compose-post-service', u'post-storage-service')",a1.2xlarge,False
False,"(u'user-service', u'compose-post-service', u'post-storage-service')",M6.2xlarge,False
False,"(u'user-service', u'compose-post-service', u'post-storage-service')",M6.2xlarge,False
False,"(u'user-service', u'compose-post-service', u'user-timeline-service')",t3.micro,False
False,"(u'user-service', u'compose-post-service', u'user-timeline-service')",t3.micro,False
False,"(u'user-service', u'compose-post-service', u'user-timeline-service')",t3.large,False
False,"(u'user-service', u'compose-post-service', u'user-timeline-service')",t3.large,False
False,"(u'user-service', u'compose-post-service', u'user-timeline-service')",a1.2xlarge,False
False,"(u'user-service', u'compose-post-service', u'user-timeline-service')",a1.2xlarge,False
False,"(u'user-service', u'compose-post-service', u'user-timeline-service')",M6.2xlarge,False
False,"(u'user-service', u'compose-post-service', u'user-timeline-service')",M6.2xlarge,False
False,"(u'user-service', u'compose-post-service', u'write-home-timeline-service')",t3.micro,False
False,"(u'user-service', u'compose-post-service', u'write-home-timeline-service')",t3.micro,False
False,"(u'user-service', u'compose-post-service', u'write-home-timeline-service')",t3.large,False
False,"(u'user-service', u'compose-post-service', u'write-home-timeline-service')",t3.large,False
False,"(u'user-service', u'compose-post-service', u'write-home-timeline-service')",a1.2xlarge,False
False,"(u'user-service', u'compose-post-service', u'write-home-timeline-service')",a1.2xlarge,False
False,"(u'user-service', u'compose-post-service', u'write-home-timeline-service')",M6.2xlarge,False
False,"(u'user-service', u'compose-post-service', u'write-home-timeline-service')",M6.2xlarge,False
False,"(u'user-service', u'compose-post-service', u'home-timeline-service')",t3.micro,False
False,"(u'user-service', u'compose-post-service', u'home-timeline-service')",t3.micro,False
False,"(u'user-service', u'compose-post-service', u'home-timeline-service')",t3.large,False
False,"(u'user-service', u'compose-post-service', u'home-timeline-service')",t3.large,False
False,"(u'user-service', u'compose-post-service', u'home-timeline-service')",a1.2xlarge,False
False,"(u'user-service', u'compose-post-service', u'home-timeline-service')",a1.2xlarge,False
False,"(u'user-service', u'compose-post-service', u'home-timeline-service')",M6.2xlarge,False
False,"(u'user-service', u'compose-post-service', u'home-timeline-service')",M6.2xlarge,False
False,"(u'user-service', u'compose-post-service', u'media-service')",t3.micro,False
False,"(u'user-service', u'compose-post-service', u'media-service')",t3.micro,False
False,"(u'user-service', u'compose-post-service', u'media-service')",t3.large,False
False,"(u'user-service', u'compose-post-service', u'media-service')",t3.large,False
False,"(u'user-service', u'compose-post-service', u'media-service')",a1.2xlarge,False
False,"(u'user-service', u'compose-post-service', u'media-service')",a1.2xlarge,False
False,"(u'user-service', u'compose-post-service', u'media-service')",M6.2xlarge,False
False,"(u'user-service', u'compose-post-service', u'media-service')",M6.2xlarge,False
False,"(u'user-service', u'compose-post-service', u'text-service')",t3.micro,False
False,"(u'user-service', u'compose-post-service', u'text-service')",t3.micro,False
False,"(u'user-service', u'compose-post-service', u'text-service')",t3.large,False
False,"(u'user-service', u'compose-post-service', u'text-service')",t3.large,False
False,"(u'user-service', u'compose-post-service', u'text-service')",a1.2xlarge,False
False,"(u'user-service', u'compose-post-service', u'text-service')",a1.2xlarge,False
False,"(u'user-service', u'compose-post-service', u'text-service')",M6.2xlarge,False
False,"(u'user-service', u'compose-post-service', u'text-service')",M6.2xlarge,False
False,"(u'user-service', u'compose-post-service', u'unique-id-service')",t3.micro,False
False,"(u'user-service', u'compose-post-service', u'unique-id-service')",t3.micro,False
False,"(u'user-service', u'compose-post-service', u'unique-id-service')",t3.large,False
False,"(u'user-service', u'compose-post-service', u'unique-id-service')",t3.large,False
False,"(u'user-service', u'compose-post-service', u'unique-id-service')",a1.2xlarge,False
False,"(u'user-service', u'compose-post-service', u'unique-id-service')",a1.2xlarge,False
False,"(u'user-service', u'compose-post-service', u'unique-id-service')",M6.2xlarge,False
False,"(u'user-service', u'compose-post-service', u'unique-id-service')",M6.2xlarge,False
False,"(u'user-service', u'compose-post-service', u'url-shorten-service')",t3.micro,False
False,"(u'user-service', u'compose-post-service', u'url-shorten-service')",t3.micro,False
False,"(u'user-service', u'compose-post-service', u'url-shorten-service')",t3.large,False
False,"(u'user-service', u'compose-post-service', u'url-shorten-service')",t3.large,False
False,"(u'user-service', u'compose-post-service', u'url-shorten-service')",a1.2xlarge,False
False,"(u'user-service', u'compose-post-service', u'url-shorten-service')",a1.2xlarge,False
False,"(u'user-service', u'compose-post-service', u'url-shorten-service')",M6.2xlarge,False
False,"(u'user-service', u'compose-post-service', u'url-shorten-service')",M6.2xlarge,False
False,"(u'user-service', u'compose-post-service', u'user-mention-service')",t3.micro,False
False,"(u'user-service', u'compose-post-service', u'user-mention-service')",t3.micro,False
False,"(u'user-service', u'compose-post-service', u'user-mention-service')",t3.large,False
False,"(u'user-service', u'compose-post-service', u'user-mention-service')",t3.large,False
False,"(u'user-service', u'compose-post-service', u'user-mention-service')",a1.2xlarge,False
False,"(u'user-service', u'compose-post-service', u'user-mention-service')",a1.2xlarge,False
False,"(u'user-service', u'compose-post-service', u'user-mention-service')",M6.2xlarge,False
False,"(u'user-service', u'compose-post-service', u'user-mention-service')",M6.2xlarge,False
False,"(u'user-service', u'post-storage-service', u'user-timeline-service')",t3.micro,False
False,"(u'user-service', u'post-storage-service', u'user-timeline-service')",t3.micro,False
False,"(u'user-service', u'post-storage-service', u'user-timeline-service')",t3.large,False
False,"(u'user-service', u'post-storage-service', u'user-timeline-service')",t3.large,False
False,"(u'user-service', u'post-storage-service', u'user-timeline-service')",a1.2xlarge,False
False,"(u'user-service', u'post-storage-service', u'user-timeline-service')",a1.2xlarge,False
False,"(u'user-service', u'post-storage-service', u'user-timeline-service')",M6.2xlarge,False
False,"(u'user-service', u'post-storage-service', u'user-timeline-service')",M6.2xlarge,False
False,"(u'user-service', u'post-storage-service', u'write-home-timeline-service')",t3.micro,False
False,"(u'user-service', u'post-storage-service', u'write-home-timeline-service')",t3.micro,False
False,"(u'user-service', u'post-storage-service', u'write-home-timeline-service')",t3.large,False
False,"(u'user-service', u'post-storage-service', u'write-home-timeline-service')",t3.large,False
False,"(u'user-service', u'post-storage-service', u'write-home-timeline-service')",a1.2xlarge,False
False,"(u'user-service', u'post-storage-service', u'write-home-timeline-service')",a1.2xlarge,False
False,"(u'user-service', u'post-storage-service', u'write-home-timeline-service')",M6.2xlarge,False
False,"(u'user-service', u'post-storage-service', u'write-home-timeline-service')",M6.2xlarge,False
False,"(u'user-service', u'post-storage-service', u'home-timeline-service')",t3.micro,False
False,"(u'user-service', u'post-storage-service', u'home-timeline-service')",t3.micro,False
False,"(u'user-service', u'post-storage-service', u'home-timeline-service')",t3.large,False
False,"(u'user-service', u'post-storage-service', u'home-timeline-service')",t3.large,False
False,"(u'user-service', u'post-storage-service', u'home-timeline-service')",a1.2xlarge,False
False,"(u'user-service', u'post-storage-service', u'home-timeline-service')",a1.2xlarge,False
False,"(u'user-service', u'post-storage-service', u'home-timeline-service')",M6.2xlarge,False
False,"(u'user-service', u'post-storage-service', u'home-timeline-service')",M6.2xlarge,False
False,"(u'user-service', u'post-storage-service', u'media-service')",t3.micro,False
False,"(u'user-service', u'post-storage-service', u'media-service')",t3.micro,False
False,"(u'user-service', u'post-storage-service', u'media-service')",t3.large,False
False,"(u'user-service', u'post-storage-service', u'media-service')",t3.large,False
False,"(u'user-service', u'post-storage-service', u'media-service')",a1.2xlarge,False
False,"(u'user-service', u'post-storage-service', u'media-service')",a1.2xlarge,False
False,"(u'user-service', u'post-storage-service', u'media-service')",M6.2xlarge,False
False,"(u'user-service', u'post-storage-service', u'media-service')",M6.2xlarge,False
False,"(u'user-service', u'post-storage-service', u'text-service')",t3.micro,False
False,"(u'user-service', u'post-storage-service', u'text-service')",t3.micro,False
False,"(u'user-service', u'post-storage-service', u'text-service')",t3.large,False
False,"(u'user-service', u'post-storage-service', u'text-service')",t3.large,False
False,"(u'user-service', u'post-storage-service', u'text-service')",a1.2xlarge,False
False,"(u'user-service', u'post-storage-service', u'text-service')",a1.2xlarge,False
False,"(u'user-service', u'post-storage-service', u'text-service')",M6.2xlarge,False
False,"(u'user-service', u'post-storage-service', u'text-service')",M6.2xlarge,False
False,"(u'user-service', u'post-storage-service', u'unique-id-service')",t3.micro,False
False,"(u'user-service', u'post-storage-service', u'unique-id-service')",t3.micro,False
False,"(u'user-service', u'post-storage-service', u'unique-id-service')",t3.large,False
False,"(u'user-service', u'post-storage-service', u'unique-id-service')",t3.large,False
False,"(u'user-service', u'post-storage-service', u'unique-id-service')",a1.2xlarge,False
False,"(u'user-service', u'post-storage-service', u'unique-id-service')",a1.2xlarge,False
False,"(u'user-service', u'post-storage-service', u'unique-id-service')",M6.2xlarge,False
False,"(u'user-service', u'post-storage-service', u'unique-id-service')",M6.2xlarge,False
False,"(u'user-service', u'post-storage-service', u'url-shorten-service')",t3.micro,False
False,"(u'user-service', u'post-storage-service', u'url-shorten-service')",t3.micro,False
False,"(u'user-service', u'post-storage-service', u'url-shorten-service')",t3.large,False
False,"(u'user-service', u'post-storage-service', u'url-shorten-service')",t3.large,False
False,"(u'user-service', u'post-storage-service', u'url-shorten-service')",a1.2xlarge,False
False,"(u'user-service', u'post-storage-service', u'url-shorten-service')",a1.2xlarge,False
False,"(u'user-service', u'post-storage-service', u'url-shorten-service')",M6.2xlarge,False
False,"(u'user-service', u'post-storage-service', u'url-shorten-service')",M6.2xlarge,False
False,"(u'user-service', u'post-storage-service', u'user-mention-service')",t3.micro,False
False,"(u'user-service', u'post-storage-service', u'user-mention-service')",t3.micro,False
False,"(u'user-service', u'post-storage-service', u'user-mention-service')",t3.large,False
False,"(u'user-service', u'post-storage-service', u'user-mention-service')",t3.large,False
False,"(u'user-service', u'post-storage-service', u'user-mention-service')",a1.2xlarge,False
False,"(u'user-service', u'post-storage-service', u'user-mention-service')",a1.2xlarge,False
False,"(u'user-service', u'post-storage-service', u'user-mention-service')",M6.2xlarge,False
False,"(u'user-service', u'post-storage-service', u'user-mention-service')",M6.2xlarge,False
True,"(u'user-service', u'user-timeline-service', u'write-home-timeline-service')",t3.micro,False
True,"(u'user-service', u'user-timeline-service', u'write-home-timeline-service')",t3.large,False
True,"(u'user-service', u'user-timeline-service', u'write-home-timeline-service')",a1.2xlarge,False
True,"(u'user-service', u'user-timeline-service', u'write-home-timeline-service')",M6.2xlarge,False
False,"(u'user-service', u'user-timeline-service', u'home-timeline-service')",t3.micro,False
False,"(u'user-service', u'user-timeline-service', u'home-timeline-service')",t3.micro,False
False,"(u'user-service', u'user-timeline-service', u'home-timeline-service')",t3.large,False
False,"(u'user-service', u'user-timeline-service', u'home-timeline-service')",t3.large,False
True,"(u'user-service', u'user-timeline-service', u'home-timeline-service')",a1.2xlarge,False
True,"(u'user-service', u'user-timeline-service', u'home-timeline-service')",M6.2xlarge,False
False,"(u'user-service', u'user-timeline-service', u'media-service')",t3.micro,False
False,"(u'user-service', u'user-timeline-service', u'media-service')",t3.micro,False
False,"(u'user-service', u'user-timeline-service', u'media-service')",t3.large,False
False,"(u'user-service', u'user-timeline-service', u'media-service')",t3.large,False
True,"(u'user-service', u'user-timeline-service', u'media-service')",a1.2xlarge,True
False,"(u'user-service', u'user-timeline-service', u'text-service')",t3.micro,False
False,"(u'user-service', u'user-timeline-service', u'text-service')",t3.micro,False
True,"(u'user-service', u'user-timeline-service', u'text-service')",t3.large,False
True,"(u'user-service', u'user-timeline-service', u'text-service')",a1.2xlarge,True
False,"(u'user-service', u'user-timeline-service', u'unique-id-service')",t3.micro,False
False,"(u'user-service', u'user-timeline-service', u'unique-id-service')",t3.micro,False
False,"(u'user-service', u'user-timeline-service', u'unique-id-service')",t3.large,False
False,"(u'user-service', u'user-timeline-service', u'unique-id-service')",t3.large,False
True,"(u'user-service', u'user-timeline-service', u'unique-id-service')",a1.2xlarge,True
True,"(u'user-service', u'user-timeline-service', u'url-shorten-service')",t3.micro,False
True,"(u'user-service', u'user-timeline-service', u'url-shorten-service')",t3.large,False
True,"(u'user-service', u'user-timeline-service', u'url-shorten-service')",a1.2xlarge,True
False,"(u'user-service', u'user-timeline-service', u'user-mention-service')",t3.micro,False
False,"(u'user-service', u'user-timeline-service', u'user-mention-service')",t3.micro,False
False,"(u'user-service', u'user-timeline-service', u'user-mention-service')",t3.large,False
False,"(u'user-service', u'user-timeline-service', u'user-mention-service')",t3.large,False
True,"(u'user-service', u'user-timeline-service', u'user-mention-service')",a1.2xlarge,False
True,"(u'user-service', u'user-timeline-service', u'user-mention-service')",M6.2xlarge,True
False,"(u'user-service', u'write-home-timeline-service', u'home-timeline-service')",t3.micro,False
False,"(u'user-service', u'write-home-timeline-service', u'home-timeline-service')",t3.micro,False
False,"(u'user-service', u'write-home-timeline-service', u'home-timeline-service')",t3.large,False
False,"(u'user-service', u'write-home-timeline-service', u'home-timeline-service')",t3.large,False
True,"(u'user-service', u'write-home-timeline-service', u'home-timeline-service')",a1.2xlarge,True
False,"(u'user-service', u'write-home-timeline-service', u'media-service')",t3.micro,False
False,"(u'user-service', u'write-home-timeline-service', u'media-service')",t3.micro,False
False,"(u'user-service', u'write-home-timeline-service', u'media-service')",t3.large,False
False,"(u'user-service', u'write-home-timeline-service', u'media-service')",t3.large,False
True,"(u'user-service', u'write-home-timeline-service', u'media-service')",a1.2xlarge,True
False,"(u'user-service', u'write-home-timeline-service', u'text-service')",t3.micro,False
False,"(u'user-service', u'write-home-timeline-service', u'text-service')",t3.micro,False
True,"(u'user-service', u'write-home-timeline-service', u'text-service')",t3.large,True
False,"(u'user-service', u'write-home-timeline-service', u'text-service')",t3.small,False
False,"(u'user-service', u'write-home-timeline-service', u'text-service')",t3.small,False
False,"(u'user-service', u'write-home-timeline-service', u'text-service')",M6.xlarge,False
False,"(u'user-service', u'write-home-timeline-service', u'text-service')",M6.xlarge,False
False,"(u'user-service', u'write-home-timeline-service', u'unique-id-service')",t3.micro,False
False,"(u'user-service', u'write-home-timeline-service', u'unique-id-service')",t3.micro,False
False,"(u'user-service', u'write-home-timeline-service', u'unique-id-service')",t3.large,False
False,"(u'user-service', u'write-home-timeline-service', u'unique-id-service')",t3.large,False
True,"(u'user-service', u'write-home-timeline-service', u'unique-id-service')",a1.2xlarge,True
True,"(u'user-service', u'write-home-timeline-service', u'url-shorten-service')",t3.micro,False
True,"(u'user-service', u'write-home-timeline-service', u'url-shorten-service')",t3.large,False
True,"(u'user-service', u'write-home-timeline-service', u'url-shorten-service')",a1.2xlarge,False
True,"(u'user-service', u'write-home-timeline-service', u'url-shorten-service')",M6.2xlarge,False
False,"(u'user-service', u'write-home-timeline-service', u'user-mention-service')",t3.micro,False
False,"(u'user-service', u'write-home-timeline-service', u'user-mention-service')",t3.micro,False
False,"(u'user-service', u'write-home-timeline-service', u'user-mention-service')",t3.large,False
False,"(u'user-service', u'write-home-timeline-service', u'user-mention-service')",t3.large,False
True,"(u'user-service', u'write-home-timeline-service', u'user-mention-service')",a1.2xlarge,False
True,"(u'user-service', u'write-home-timeline-service', u'user-mention-service')",M6.2xlarge,False
False,"(u'user-service', u'home-timeline-service', u'media-service')",t3.micro,False
False,"(u'user-service', u'home-timeline-service', u'media-service')",t3.micro,False
False,"(u'user-service', u'home-timeline-service', u'media-service')",t3.large,False
False,"(u'user-service', u'home-timeline-service', u'media-service')",t3.large,False
True,"(u'user-service', u'home-timeline-service', u'media-service')",a1.2xlarge,False
True,"(u'user-service', u'home-timeline-service', u'media-service')",M6.2xlarge,False
False,"(u'user-service', u'home-timeline-service', u'text-service')",t3.micro,False
False,"(u'user-service', u'home-timeline-service', u'text-service')",t3.micro,False
False,"(u'user-service', u'home-timeline-service', u'text-service')",t3.large,False
False,"(u'user-service', u'home-timeline-service', u'text-service')",t3.large,False
True,"(u'user-service', u'home-timeline-service', u'text-service')",a1.2xlarge,False
True,"(u'user-service', u'home-timeline-service', u'text-service')",M6.2xlarge,False
False,"(u'user-service', u'home-timeline-service', u'unique-id-service')",t3.micro,False
False,"(u'user-service', u'home-timeline-service', u'unique-id-service')",t3.micro,False
False,"(u'user-service', u'home-timeline-service', u'unique-id-service')",t3.large,False
False,"(u'user-service', u'home-timeline-service', u'unique-id-service')",t3.large,False
True,"(u'user-service', u'home-timeline-service', u'unique-id-service')",a1.2xlarge,False
True,"(u'user-service', u'home-timeline-service', u'unique-id-service')",M6.2xlarge,True
False,"(u'user-service', u'home-timeline-service', u'url-shorten-service')",t3.micro,False
False,"(u'user-service', u'home-timeline-service', u'url-shorten-service')",t3.micro,False
False,"(u'user-service', u'home-timeline-service', u'url-shorten-service')",t3.large,False
False,"(u'user-service', u'home-timeline-service', u'url-shorten-service')",t3.large,False
True,"(u'user-service', u'home-timeline-service', u'url-shorten-service')",a1.2xlarge,True
False,"(u'user-service', u'home-timeline-service', u'user-mention-service')",t3.micro,False
False,"(u'user-service', u'home-timeline-service', u'user-mention-service')",t3.micro,False
False,"(u'user-service', u'home-timeline-service', u'user-mention-service')",t3.large,False
False,"(u'user-service', u'home-timeline-service', u'user-mention-service')",t3.large,False
True,"(u'user-service', u'home-timeline-service', u'user-mention-service')",a1.2xlarge,False
True,"(u'user-service', u'home-timeline-service', u'user-mention-service')",M6.2xlarge,False
False,"(u'user-service', u'media-service', u'text-service')",t3.micro,False
False,"(u'user-service', u'media-service', u'text-service')",t3.micro,False
False,"(u'user-service', u'media-service', u'text-service')",t3.large,False
False,"(u'user-service', u'media-service', u'text-service')",t3.large,False
True,"(u'user-service', u'media-service', u'text-service')",a1.2xlarge,True
False,"(u'user-service', u'media-service', u'unique-id-service')",t3.micro,False
False,"(u'user-service', u'media-service', u'unique-id-service')",t3.micro,False
False,"(u'user-service', u'media-service', u'unique-id-service')",t3.large,False
False,"(u'user-service', u'media-service', u'unique-id-service')",t3.large,False
True,"(u'user-service', u'media-service', u'unique-id-service')",a1.2xlarge,True
False,"(u'user-service', u'media-service', u'url-shorten-service')",t3.micro,False
False,"(u'user-service', u'media-service', u'url-shorten-service')",t3.micro,False
False,"(u'user-service', u'media-service', u'url-shorten-service')",t3.large,False
False,"(u'user-service', u'media-service', u'url-shorten-service')",t3.large,False
True,"(u'user-service', u'media-service', u'url-shorten-service')",a1.2xlarge,True
False,"(u'user-service', u'media-service', u'user-mention-service')",t3.micro,False
False,"(u'user-service', u'media-service', u'user-mention-service')",t3.micro,False
False,"(u'user-service', u'media-service', u'user-mention-service')",t3.large,False
False,"(u'user-service', u'media-service', u'user-mention-service')",t3.large,False
True,"(u'user-service', u'media-service', u'user-mention-service')",a1.2xlarge,True
False,"(u'user-service', u'text-service', u'unique-id-service')",t3.micro,False
False,"(u'user-service', u'text-service', u'unique-id-service')",t3.micro,False
False,"(u'user-service', u'text-service', u'unique-id-service')",t3.large,False
False,"(u'user-service', u'text-service', u'unique-id-service')",t3.large,False
True,"(u'user-service', u'text-service', u'unique-id-service')",a1.2xlarge,True
False,"(u'user-service', u'text-service', u'url-shorten-service')",t3.micro,False
False,"(u'user-service', u'text-service', u'url-shorten-service')",t3.micro,False
True,"(u'user-service', u'text-service', u'url-shorten-service')",t3.large,False
True,"(u'user-service', u'text-service', u'url-shorten-service')",a1.2xlarge,False
True,"(u'user-service', u'text-service', u'url-shorten-service')",M6.2xlarge,False
False,"(u'user-service', u'text-service', u'user-mention-service')",t3.micro,False
False,"(u'user-service', u'text-service', u'user-mention-service')",t3.micro,False
False,"(u'user-service', u'text-service', u'user-mention-service')",t3.large,False
False,"(u'user-service', u'text-service', u'user-mention-service')",t3.large,False
True,"(u'user-service', u'text-service', u'user-mention-service')",a1.2xlarge,True
False,"(u'user-service', u'unique-id-service', u'url-shorten-service')",t3.micro,False
False,"(u'user-service', u'unique-id-service', u'url-shorten-service')",t3.micro,False
False,"(u'user-service', u'unique-id-service', u'url-shorten-service')",t3.large,False
False,"(u'user-service', u'unique-id-service', u'url-shorten-service')",t3.large,False
False,"(u'user-service', u'unique-id-service', u'url-shorten-service')",a1.2xlarge,False
False,"(u'user-service', u'unique-id-service', u'url-shorten-service')",a1.2xlarge,False
False,"(u'user-service', u'unique-id-service', u'url-shorten-service')",M6.2xlarge,False
False,"(u'user-service', u'unique-id-service', u'url-shorten-service')",M6.2xlarge,False
False,"(u'user-service', u'unique-id-service', u'user-mention-service')",t3.micro,False
False,"(u'user-service', u'unique-id-service', u'user-mention-service')",t3.micro,False
False,"(u'user-service', u'unique-id-service', u'user-mention-service')",t3.large,False
False,"(u'user-service', u'unique-id-service', u'user-mention-service')",t3.large,False
False,"(u'user-service', u'unique-id-service', u'user-mention-service')",a1.2xlarge,False
False,"(u'user-service', u'unique-id-service', u'user-mention-service')",a1.2xlarge,False
False,"(u'user-service', u'unique-id-service', u'user-mention-service')",M6.2xlarge,False
False,"(u'user-service', u'unique-id-service', u'user-mention-service')",M6.2xlarge,False
False,"(u'user-service', u'url-shorten-service', u'user-mention-service')",t3.micro,False
False,"(u'user-service', u'url-shorten-service', u'user-mention-service')",t3.micro,False
False,"(u'user-service', u'url-shorten-service', u'user-mention-service')",t3.large,False
False,"(u'user-service', u'url-shorten-service', u'user-mention-service')",t3.large,False
True,"(u'user-service', u'url-shorten-service', u'user-mention-service')",a1.2xlarge,False
True,"(u'user-service', u'url-shorten-service', u'user-mention-service')",M6.2xlarge,False
False,"(u'social-graph-service', u'compose-post-service', u'post-storage-service')",t3.micro,False
False,"(u'social-graph-service', u'compose-post-service', u'post-storage-service')",t3.micro,False
True,"(u'social-graph-service', u'compose-post-service', u'post-storage-service')",t3.large,False
True,"(u'social-graph-service', u'compose-post-service', u'post-storage-service')",a1.2xlarge,True
False,"(u'social-graph-service', u'compose-post-service', u'user-timeline-service')",t3.micro,False
False,"(u'social-graph-service', u'compose-post-service', u'user-timeline-service')",t3.micro,False
True,"(u'social-graph-service', u'compose-post-service', u'user-timeline-service')",t3.large,False
True,"(u'social-graph-service', u'compose-post-service', u'user-timeline-service')",a1.2xlarge,True
False,"(u'social-graph-service', u'compose-post-service', u'write-home-timeline-service')",t3.micro,False
False,"(u'social-graph-service', u'compose-post-service', u'write-home-timeline-service')",t3.micro,False
True,"(u'social-graph-service', u'compose-post-service', u'write-home-timeline-service')",t3.large,False
True,"(u'social-graph-service', u'compose-post-service', u'write-home-timeline-service')",a1.2xlarge,True
False,"(u'social-graph-service', u'compose-post-service', u'home-timeline-service')",t3.micro,False
False,"(u'social-graph-service', u'compose-post-service', u'home-timeline-service')",t3.micro,False
False,"(u'social-graph-service', u'compose-post-service', u'home-timeline-service')",t3.large,False
False,"(u'social-graph-service', u'compose-post-service', u'home-timeline-service')",t3.large,False
False,"(u'social-graph-service', u'compose-post-service', u'home-timeline-service')",a1.2xlarge,False
False,"(u'social-graph-service', u'compose-post-service', u'home-timeline-service')",a1.2xlarge,False
False,"(u'social-graph-service', u'compose-post-service', u'home-timeline-service')",M6.2xlarge,False
False,"(u'social-graph-service', u'compose-post-service', u'home-timeline-service')",M6.2xlarge,False
False,"(u'social-graph-service', u'compose-post-service', u'media-service')",t3.micro,False
False,"(u'social-graph-service', u'compose-post-service', u'media-service')",t3.micro,False
False,"(u'social-graph-service', u'compose-post-service', u'media-service')",t3.large,False
False,"(u'social-graph-service', u'compose-post-service', u'media-service')",t3.large,False
False,"(u'social-graph-service', u'compose-post-service', u'media-service')",a1.2xlarge,False
False,"(u'social-graph-service', u'compose-post-service', u'media-service')",a1.2xlarge,False
False,"(u'social-graph-service', u'compose-post-service', u'media-service')",M6.2xlarge,False
False,"(u'social-graph-service', u'compose-post-service', u'media-service')",M6.2xlarge,False
False,"(u'social-graph-service', u'compose-post-service', u'text-service')",t3.micro,False
False,"(u'social-graph-service', u'compose-post-service', u'text-service')",t3.micro,False
True,"(u'social-graph-service', u'compose-post-service', u'text-service')",t3.large,False
True,"(u'social-graph-service', u'compose-post-service', u'text-service')",a1.2xlarge,False
True,"(u'social-graph-service', u'compose-post-service', u'text-service')",M6.2xlarge,False
False,"(u'social-graph-service', u'compose-post-service', u'unique-id-service')",t3.micro,False
False,"(u'social-graph-service', u'compose-post-service', u'unique-id-service')",t3.micro,False
False,"(u'social-graph-service', u'compose-post-service', u'unique-id-service')",t3.large,False
False,"(u'social-graph-service', u'compose-post-service', u'unique-id-service')",t3.large,False
False,"(u'social-graph-service', u'compose-post-service', u'unique-id-service')",a1.2xlarge,False
False,"(u'social-graph-service', u'compose-post-service', u'unique-id-service')",a1.2xlarge,False
False,"(u'social-graph-service', u'compose-post-service', u'unique-id-service')",M6.2xlarge,False
False,"(u'social-graph-service', u'compose-post-service', u'unique-id-service')",M6.2xlarge,False
False,"(u'social-graph-service', u'compose-post-service', u'url-shorten-service')",t3.micro,False
False,"(u'social-graph-service', u'compose-post-service', u'url-shorten-service')",t3.micro,False
False,"(u'social-graph-service', u'compose-post-service', u'url-shorten-service')",t3.large,False
False,"(u'social-graph-service', u'compose-post-service', u'url-shorten-service')",t3.large,False
True,"(u'social-graph-service', u'compose-post-service', u'url-shorten-service')",a1.2xlarge,False
True,"(u'social-graph-service', u'compose-post-service', u'url-shorten-service')",M6.2xlarge,False
False,"(u'social-graph-service', u'compose-post-service', u'user-mention-service')",t3.micro,False
False,"(u'social-graph-service', u'compose-post-service', u'user-mention-service')",t3.micro,False
False,"(u'social-graph-service', u'compose-post-service', u'user-mention-service')",t3.large,False
False,"(u'social-graph-service', u'compose-post-service', u'user-mention-service')",t3.large,False
False,"(u'social-graph-service', u'compose-post-service', u'user-mention-service')",a1.2xlarge,False
False,"(u'social-graph-service', u'compose-post-service', u'user-mention-service')",a1.2xlarge,False
False,"(u'social-graph-service', u'compose-post-service', u'user-mention-service')",M6.2xlarge,False
False,"(u'social-graph-service', u'compose-post-service', u'user-mention-service')",M6.2xlarge,False
True,"(u'social-graph-service', u'post-storage-service', u'user-timeline-service')",t3.micro,True
True,"(u'social-graph-service', u'post-storage-service', u'user-timeline-service')",a1.large,True
True,"(u'social-graph-service', u'post-storage-service', u'user-timeline-service')",a1.medium,True
True,"(u'social-graph-service', u'post-storage-service', u'write-home-timeline-service')",t3.micro,True
True,"(u'social-graph-service', u'post-storage-service', u'write-home-timeline-service')",a1.large,True
True,"(u'social-graph-service', u'post-storage-service', u'write-home-timeline-service')",a1.medium,True
False,"(u'social-graph-service', u'post-storage-service', u'home-timeline-service')",t3.micro,False
False,"(u'social-graph-service', u'post-storage-service', u'home-timeline-service')",t3.micro,False
True,"(u'social-graph-service', u'post-storage-service', u'home-timeline-service')",t3.large,False
True,"(u'social-graph-service', u'post-storage-service', u'home-timeline-service')",a1.2xlarge,False
True,"(u'social-graph-service', u'post-storage-service', u'home-timeline-service')",M6.2xlarge,False
True,"(u'social-graph-service', u'post-storage-service', u'media-service')",t3.micro,True
True,"(u'social-graph-service', u'post-storage-service', u'media-service')",a1.large,True
False,"(u'social-graph-service', u'post-storage-service', u'media-service')",a1.medium,False
False,"(u'social-graph-service', u'post-storage-service', u'media-service')",a1.medium,False
False,"(u'social-graph-service', u'post-storage-service', u'media-service')",M6.medium,False
False,"(u'social-graph-service', u'post-storage-service', u'media-service')",M6.medium,False
True,"(u'social-graph-service', u'post-storage-service', u'text-service')",t3.micro,True
True,"(u'social-graph-service', u'post-storage-service', u'text-service')",a1.large,True
True,"(u'social-graph-service', u'post-storage-service', u'text-service')",a1.medium,True
True,"(u'social-graph-service', u'post-storage-service', u'unique-id-service')",t3.micro,True
True,"(u'social-graph-service', u'post-storage-service', u'unique-id-service')",a1.large,True
True,"(u'social-graph-service', u'post-storage-service', u'unique-id-service')",a1.medium,True
False,"(u'social-graph-service', u'post-storage-service', u'url-shorten-service')",t3.micro,False
False,"(u'social-graph-service', u'post-storage-service', u'url-shorten-service')",t3.micro,False
True,"(u'social-graph-service', u'post-storage-service', u'url-shorten-service')",t3.large,False
True,"(u'social-graph-service', u'post-storage-service', u'url-shorten-service')",a1.2xlarge,True
False,"(u'social-graph-service', u'post-storage-service', u'user-mention-service')",t3.micro,False
False,"(u'social-graph-service', u'post-storage-service', u'user-mention-service')",t3.micro,False
False,"(u'social-graph-service', u'post-storage-service', u'user-mention-service')",t3.large,False
False,"(u'social-graph-service', u'post-storage-service', u'user-mention-service')",t3.large,False
False,"(u'social-graph-service', u'post-storage-service', u'user-mention-service')",a1.2xlarge,False
False,"(u'social-graph-service', u'post-storage-service', u'user-mention-service')",a1.2xlarge,False
False,"(u'social-graph-service', u'post-storage-service', u'user-mention-service')",M6.2xlarge,False
False,"(u'social-graph-service', u'post-storage-service', u'user-mention-service')",M6.2xlarge,False
True,"(u'social-graph-service', u'user-timeline-service', u'write-home-timeline-service')",t3.micro,True
True,"(u'social-graph-service', u'user-timeline-service', u'write-home-timeline-service')",a1.large,True
True,"(u'social-graph-service', u'user-timeline-service', u'write-home-timeline-service')",a1.medium,True
False,"(u'social-graph-service', u'user-timeline-service', u'home-timeline-service')",t3.micro,False
False,"(u'social-graph-service', u'user-timeline-service', u'home-timeline-service')",t3.micro,False
True,"(u'social-graph-service', u'user-timeline-service', u'home-timeline-service')",t3.large,False
True,"(u'social-graph-service', u'user-timeline-service', u'home-timeline-service')",a1.2xlarge,False
True,"(u'social-graph-service', u'user-timeline-service', u'home-timeline-service')",M6.2xlarge,False
True,"(u'social-graph-service', u'user-timeline-service', u'media-service')",t3.micro,False
True,"(u'social-graph-service', u'user-timeline-service', u'media-service')",t3.large,False
True,"(u'social-graph-service', u'user-timeline-service', u'media-service')",a1.2xlarge,False
True,"(u'social-graph-service', u'user-timeline-service', u'media-service')",M6.2xlarge,False
True,"(u'social-graph-service', u'user-timeline-service', u'text-service')",t3.micro,True
True,"(u'social-graph-service', u'user-timeline-service', u'text-service')",a1.large,True
True,"(u'social-graph-service', u'user-timeline-service', u'text-service')",a1.medium,True
True,"(u'social-graph-service', u'user-timeline-service', u'unique-id-service')",t3.micro,False
True,"(u'social-graph-service', u'user-timeline-service', u'unique-id-service')",t3.large,False
True,"(u'social-graph-service', u'user-timeline-service', u'unique-id-service')",a1.2xlarge,False
True,"(u'social-graph-service', u'user-timeline-service', u'unique-id-service')",M6.2xlarge,False
False,"(u'social-graph-service', u'user-timeline-service', u'url-shorten-service')",t3.micro,False
False,"(u'social-graph-service', u'user-timeline-service', u'url-shorten-service')",t3.micro,False
True,"(u'social-graph-service', u'user-timeline-service', u'url-shorten-service')",t3.large,False
True,"(u'social-graph-service', u'user-timeline-service', u'url-shorten-service')",a1.2xlarge,False
True,"(u'social-graph-service', u'user-timeline-service', u'url-shorten-service')",M6.2xlarge,False
True,"(u'social-graph-service', u'user-timeline-service', u'user-mention-service')",t3.micro,False
True,"(u'social-graph-service', u'user-timeline-service', u'user-mention-service')",t3.large,False
True,"(u'social-graph-service', u'user-timeline-service', u'user-mention-service')",a1.2xlarge,False
True,"(u'social-graph-service', u'user-timeline-service', u'user-mention-service')",M6.2xlarge,False
False,"(u'social-graph-service', u'write-home-timeline-service', u'home-timeline-service')",t3.micro,False
False,"(u'social-graph-service', u'write-home-timeline-service', u'home-timeline-service')",t3.micro,False
True,"(u'social-graph-service', u'write-home-timeline-service', u'home-timeline-service')",t3.large,False
True,"(u'social-graph-service', u'write-home-timeline-service', u'home-timeline-service')",a1.2xlarge,False
True,"(u'social-graph-service', u'write-home-timeline-service', u'home-timeline-service')",M6.2xlarge,False
True,"(u'social-graph-service', u'write-home-timeline-service', u'media-service')",t3.micro,False
True,"(u'social-graph-service', u'write-home-timeline-service', u'media-service')",t3.large,False
True,"(u'social-graph-service', u'write-home-timeline-service', u'media-service')",a1.2xlarge,False
True,"(u'social-graph-service', u'write-home-timeline-service', u'media-service')",M6.2xlarge,False
True,"(u'social-graph-service', u'write-home-timeline-service', u'text-service')",t3.micro,True
True,"(u'social-graph-service', u'write-home-timeline-service', u'text-service')",a1.large,True
True,"(u'social-graph-service', u'write-home-timeline-service', u'text-service')",a1.medium,True
True,"(u'social-graph-service', u'write-home-timeline-service', u'unique-id-service')",t3.micro,False
True,"(u'social-graph-service', u'write-home-timeline-service', u'unique-id-service')",t3.large,False
True,"(u'social-graph-service', u'write-home-timeline-service', u'unique-id-service')",a1.2xlarge,False
True,"(u'social-graph-service', u'write-home-timeline-service', u'unique-id-service')",M6.2xlarge,False
False,"(u'social-graph-service', u'write-home-timeline-service', u'url-shorten-service')",t3.micro,False
False,"(u'social-graph-service', u'write-home-timeline-service', u'url-shorten-service')",t3.micro,False
True,"(u'social-graph-service', u'write-home-timeline-service', u'url-shorten-service')",t3.large,False
True,"(u'social-graph-service', u'write-home-timeline-service', u'url-shorten-service')",a1.2xlarge,False
True,"(u'social-graph-service', u'write-home-timeline-service', u'url-shorten-service')",M6.2xlarge,False
True,"(u'social-graph-service', u'write-home-timeline-service', u'user-mention-service')",t3.micro,False
True,"(u'social-graph-service', u'write-home-timeline-service', u'user-mention-service')",t3.large,False
True,"(u'social-graph-service', u'write-home-timeline-service', u'user-mention-service')",a1.2xlarge,False
True,"(u'social-graph-service', u'write-home-timeline-service', u'user-mention-service')",M6.2xlarge,False
False,"(u'social-graph-service', u'home-timeline-service', u'media-service')",t3.micro,False
False,"(u'social-graph-service', u'home-timeline-service', u'media-service')",t3.micro,False
True,"(u'social-graph-service', u'home-timeline-service', u'media-service')",t3.large,False
True,"(u'social-graph-service', u'home-timeline-service', u'media-service')",a1.2xlarge,False
True,"(u'social-graph-service', u'home-timeline-service', u'media-service')",M6.2xlarge,False
False,"(u'social-graph-service', u'home-timeline-service', u'text-service')",t3.micro,False
False,"(u'social-graph-service', u'home-timeline-service', u'text-service')",t3.micro,False
True,"(u'social-graph-service', u'home-timeline-service', u'text-service')",t3.large,False
True,"(u'social-graph-service', u'home-timeline-service', u'text-service')",a1.2xlarge,False
True,"(u'social-graph-service', u'home-timeline-service', u'text-service')",M6.2xlarge,False
False,"(u'social-graph-service', u'home-timeline-service', u'unique-id-service')",t3.micro,False
False,"(u'social-graph-service', u'home-timeline-service', u'unique-id-service')",t3.micro,False
True,"(u'social-graph-service', u'home-timeline-service', u'unique-id-service')",t3.large,False
True,"(u'social-graph-service', u'home-timeline-service', u'unique-id-service')",a1.2xlarge,False
True,"(u'social-graph-service', u'home-timeline-service', u'unique-id-service')",M6.2xlarge,False
False,"(u'social-graph-service', u'home-timeline-service', u'url-shorten-service')",t3.micro,False
False,"(u'social-graph-service', u'home-timeline-service', u'url-shorten-service')",t3.micro,False
False,"(u'social-graph-service', u'home-timeline-service', u'url-shorten-service')",t3.large,False
False,"(u'social-graph-service', u'home-timeline-service', u'url-shorten-service')",t3.large,False
True,"(u'social-graph-service', u'home-timeline-service', u'url-shorten-service')",a1.2xlarge,True
False,"(u'social-graph-service', u'home-timeline-service', u'user-mention-service')",t3.micro,False
False,"(u'social-graph-service', u'home-timeline-service', u'user-mention-service')",t3.micro,False
True,"(u'social-graph-service', u'home-timeline-service', u'user-mention-service')",t3.large,False
True,"(u'social-graph-service', u'home-timeline-service', u'user-mention-service')",a1.2xlarge,False
True,"(u'social-graph-service', u'home-timeline-service', u'user-mention-service')",M6.2xlarge,False
False,"(u'social-graph-service', u'home-timeline-service', u'user-mention-service')",t3.micro,False
False,"(u'social-graph-service', u'home-timeline-service', u'user-mention-service')",t3.micro,False
False,"(u'social-graph-service', u'home-timeline-service', u'user-mention-service')",t3.large,False
False,"(u'social-graph-service', u'home-timeline-service', u'user-mention-service')",t3.large,False
False,"(u'social-graph-service', u'home-timeline-service', u'user-mention-service')",a1.2xlarge,False
False,"(u'social-graph-service', u'home-timeline-service', u'user-mention-service')",a1.2xlarge,False
True,"(u'social-graph-service', u'home-timeline-service', u'user-mention-service')",M6.2xlarge,False
True,"(u'social-graph-service', u'write-home-timeline-service', u'user-mention-service')",a1.large,True
False,"(u'social-graph-service', u'write-home-timeline-service', u'user-mention-service')",a1.medium,False
False,"(u'social-graph-service', u'write-home-timeline-service', u'user-mention-service')",M6.medium,False
False,"(u'social-graph-service', u'home-timeline-service', u'media-service')",t3.micro,False
True,"(u'social-graph-service', u'write-home-timeline-service', u'user-mention-service')",a1.large,True
False,"(u'social-graph-service', u'write-home-timeline-service', u'user-mention-service')",a1.medium,False
False,"(u'social-graph-service', u'write-home-timeline-service', u'user-mention-service')",M6.medium,False
False,"(u'social-graph-service', u'home-timeline-service', u'media-service')",t3.micro,False
True,"(u'social-graph-service', u'home-timeline-service', u'media-service')",t3.large,False
False,"(u'home-timeline-service',)",t3.micro,False
True,"(u'media-service',)",t3.micro,True
False,"(u'home-timeline-service',)",t3.micro,False
True,"(u'media-service',)",t3.micro,True
False,"(u'user-service', u'compose-post-service')",t3.micro,False
False,"(u'user-service', u'compose-post-service')",t3.large,False
False,"(u'user-service', u'compose-post-service')",a1.2xlarge,False
True,"(u'user-service', u'compose-post-service')",M6.2xlarge,False
False,"(u'user-service', u'media-service')",t3.micro,False
True,"(u'user-service', u'media-service')",t3.large,False
False,"(u'user-service', u'user-mention-service')",t3.micro,False
True,"(u'user-service', u'user-mention-service')",t3.large,False
False,"(u'social-graph-service', u'url-shorten-service')",t3.micro,False
True,"(u'social-graph-service', u'url-shorten-service')",t3.large,True
False,"(u'compose-post-service', u'media-service')",t3.micro,False
True,"(u'compose-post-service', u'media-service')",t3.large,False
False,"(u'compose-post-service', u'user-mention-service')",t3.micro,False
False,"(u'compose-post-service', u'user-mention-service')",t3.large,False
True,"(u'compose-post-service', u'user-mention-service')",a1.2xlarge,False
False,"(u'post-storage-service', u'url-shorten-service')",a1.medium,False
False,"(u'post-storage-service', u'url-shorten-service')",M6.medium,False
True,"(u'post-storage-service', u'user-mention-service')",t3.micro,False
True,"(u'user-timeline-service', u'url-shorten-service')",t3.micro,True
False,"(u'home-timeline-service', u'media-service')",t3.micro,False
True,"(u'home-timeline-service', u'media-service')",t3.small,True
False,"(u'media-service', u'url-shorten-service')",a1.medium,False
False,"(u'media-service', u'url-shorten-service')",M6.medium,False
True,"(u'media-service', u'user-mention-service')",t3.micro,True
False,"(u'unique-id-service', u'user-mention-service')",t3.micro,False
False,"(u'unique-id-service', u'user-mention-service')",t3.large,False
False,"(u'unique-id-service', u'user-mention-service')",a1.2xlarge,False
True,"(u'unique-id-service', u'user-mention-service')",M6.2xlarge,False
False,"(u'user-service', u'social-graph-service', u'media-service')",t3.micro,False
False,"(u'user-service', u'social-graph-service', u'media-service')",t3.large,False
False,"(u'user-service', u'social-graph-service', u'media-service')",a1.2xlarge,False
True,"(u'user-service', u'social-graph-service', u'media-service')",M6.2xlarge,True
False,"(u'user-service', u'user-timeline-service', u'write-home-timeline-service')",t3.micro,False
True,"(u'user-service', u'user-timeline-service', u'write-home-timeline-service')",t3.large,False
False,"(u'user-service', u'user-timeline-service', u'url-shorten-service')",t3.micro,False
True,"(u'user-service', u'user-timeline-service', u'url-shorten-service')",t3.large,False
False,"(u'user-service', u'write-home-timeline-service', u'url-shorten-service')",t3.micro,False
False,"(u'user-service', u'write-home-timeline-service', u'url-shorten-service')",t3.large,False
True,"(u'user-service', u'write-home-timeline-service', u'url-shorten-service')",a1.2xlarge,False
False,"(u'user-service', u'home-timeline-service', u'unique-id-service')",t3.micro,False
False,"(u'user-service', u'home-timeline-service', u'unique-id-service')",t3.large,False
True,"(u'user-service', u'home-timeline-service', u'unique-id-service')",a1.2xlarge,False
False,"(u'user-service', u'media-service', u'user-mention-service')",t3.micro,False
False,"(u'user-service', u'media-service', u'user-mention-service')",t3.large,False
True,"(u'user-service', u'media-service', u'user-mention-service')",a1.2xlarge,True
False,"(u'social-graph-service', u'compose-post-service', u'post-storage-service')",t3.micro,False
False,"(u'social-graph-service', u'compose-post-service', u'post-storage-service')",t3.large,False
True,"(u'social-graph-service', u'compose-post-service', u'post-storage-service')",a1.2xlarge,True
False,"(u'social-graph-service', u'compose-post-service', u'url-shorten-service')",t3.micro,False
False,"(u'social-graph-service', u'compose-post-service', u'url-shorten-service')",t3.large,False
False,"(u'social-graph-service', u'compose-post-service', u'url-shorten-service')",a1.2xlarge,False
True,"(u'social-graph-service', u'compose-post-service', u'url-shorten-service')",M6.2xlarge,False
False,"(u'social-graph-service', u'post-storage-service', u'user-mention-service')",t3.micro,False
False,"(u'social-graph-service', u'post-storage-service', u'user-mention-service')",t3.large,False
False,"(u'social-graph-service', u'post-storage-service', u'user-mention-service')",a1.2xlarge,False
False,"(u'social-graph-service', u'post-storage-service', u'user-mention-service')",M6.2xlarge,False
True,"(u'social-graph-service', u'user-timeline-service', u'write-home-timeline-service')",t3.micro,True
False,"(u'social-graph-service', u'user-timeline-service', u'unique-id-service')",t3.micro,False
True,"(u'social-graph-service', u'user-timeline-service', u'unique-id-service')",t3.large,False
False,"(u'social-graph-service', u'user-timeline-service', u'user-mention-service')",a1.large,False
True,"(u'social-graph-service', u'user-timeline-service', u'user-mention-service')",M6.large,True
False,"(u'social-graph-service', u'write-home-timeline-service', u'home-timeline-service')",t3.micro,False
True,"(u'social-graph-service', u'write-home-timeline-service', u'home-timeline-service')",t3.large,False
False,"(u'social-graph-service', u'write-home-timeline-service', u'unique-id-service')",t3.micro,False
True,"(u'social-graph-service', u'write-home-timeline-service', u'unique-id-service')",t3.large,False
True,"(u'social-graph-service', u'write-home-timeline-service', u'user-mention-service')",a1.large,True
False,"(u'social-graph-service', u'write-home-timeline-service', u'user-mention-service')",a1.medium,False
False,"(u'social-graph-service', u'write-home-timeline-service', u'user-mention-service')",M6.medium,False
False,"(u'social-graph-service', u'home-timeline-service', u'media-service')",t3.micro,False
True,"(u'social-graph-service', u'home-timeline-service', u'media-service')",t3.large,False
False,"(u'social-graph-service', u'home-timeline-service', u'unique-id-service')",t3.micro,False
False,"(u'social-graph-service', u'home-timeline-service', u'unique-id-service')",t3.large,False
False,"(u'social-graph-service', u'home-timeline-service', u'unique-id-service')",a1.2xlarge,False
True,"(u'social-graph-service', u'home-timeline-service', u'unique-id-service')",M6.2xlarge,False
False,"(u'social-graph-service', u'home-timeline-service', u'unique-id-service')",t3.micro,False
False,"(u'social-graph-service', u'home-timeline-service', u'unique-id-service')",t3.large,False
False,"(u'social-graph-service', u'home-timeline-service', u'unique-id-service')",a1.2xlarge,False
True,"(u'social-graph-service', u'home-timeline-service', u'unique-id-service')",M6.2xlarge,False
False,"(u'social-graph-service', u'home-timeline-service', u'unique-id-service')",t3.micro,False
False,"(u'social-graph-service', u'home-timeline-service', u'unique-id-service')",t3.large,False
False,"(u'social-graph-service', u'home-timeline-service', u'unique-id-service')",a1.2xlarge,False
True,"(u'social-graph-service', u'home-timeline-service', u'unique-id-service')",M6.2xlarge,False
False,"(u'social-graph-service', u'home-timeline-service', u'unique-id-service')",t3.micro,False
False,"(u'social-graph-service', u'home-timeline-service', u'unique-id-service')",t3.large,False
False,"(u'social-graph-service', u'home-timeline-service', u'unique-id-service')",a1.2xlarge,False
True,"(u'social-graph-service', u'home-timeline-service', u'unique-id-service')",M6.2xlarge,False
False,"(u'social-graph-service', u'home-timeline-service', u'unique-id-service')",t3.micro,False
False,"(u'social-graph-service', u'home-timeline-service', u'unique-id-service')",t3.large,False
False,"(u'social-graph-service', u'home-timeline-service', u'unique-id-service')",a1.2xlarge,False
True,"(u'social-graph-service', u'home-timeline-service', u'unique-id-service')",M6.2xlarge,False
